source,target,time_fps
fly3,fly8,0
fly12,fly6,0
fly6,fly9,0
fly4,fly8,3
fly12,fly9,8
fly3,fly11,15
fly12,fly1,17
fly11,fly3,27
fly12,fly1,36
fly4,fly11,46
fly1,fly6,48
fly6,fly1,52
fly11,fly4,57
fly1,fly9,69
fly6,fly9,70
fly9,fly1,72
fly12,fly9,81
fly6,fly12,90
fly4,fly3,123
fly3,fly4,128
fly6,fly12,131
fly6,fly9,132
fly9,fly12,134
fly12,fly6,143
fly9,fly6,181
fly12,fly9,183
fly7,fly4,231
fly10,fly11,242
fly11,fly10,259
fly1,fly6,265
fly3,fly4,336
fly2,fly10,348
fly8,fly1,349
fly8,fly1,382
fly8,fly6,392
fly12,fly10,395
fly11,fly1,409
fly1,fly11,411
fly4,fly3,429
fly1,fly11,447
fly1,fly6,447
fly9,fly2,450
fly6,fly11,481
fly5,fly8,501
fly11,fly6,543
fly6,fly11,545
fly2,fly9,589
fly4,fly7,634
fly1,fly8,687
fly4,fly7,698
fly7,fly3,700
fly8,fly5,705
fly1,fly11,737
fly2,fly9,760
fly8,fly9,782
fly10,fly7,782
fly9,fly8,790
fly6,fly7,800
fly7,fly6,807
fly5,fly11,807
fly11,fly5,807
fly2,fly8,819
fly5,fly9,822
fly11,fly9,828
fly6,fly7,880
fly9,fly8,888
fly5,fly1,910
fly2,fly9,916
fly7,fly6,924
fly9,fly2,944
fly10,fly9,974
fly9,fly10,978
fly10,fly2,981
fly5,fly1,982
fly1,fly11,1004
fly2,fly5,1015
fly9,fly10,1015
fly6,fly7,1023
fly5,fly2,1027
fly5,fly1,1033
fly1,fly2,1034
fly7,fly6,1038
fly10,fly1,1044
fly6,fly7,1049
fly8,fly7,1063
fly7,fly8,1064
fly9,fly10,1093
fly7,fly6,1093
fly11,fly2,1111
fly7,fly2,1123
fly11,fly7,1128
fly10,fly9,1133
fly7,fly11,1165
fly5,fly7,1188
fly5,fly9,1195
fly1,fly5,1202
fly1,fly7,1202
fly1,fly9,1202
fly9,fly5,1205
fly7,fly1,1213
fly10,fly5,1218
fly9,fly10,1220
fly5,fly10,1223
fly10,fly9,1223
fly11,fly7,1259
fly8,fly12,1265
fly7,fly11,1269
fly2,fly6,1282
fly2,fly7,1284
fly12,fly8,1292
fly1,fly11,1301
fly11,fly9,1304
fly10,fly11,1333
fly11,fly10,1341
fly5,fly11,1364
fly5,fly1,1367
fly1,fly5,1371
fly11,fly5,1374
fly12,fly2,1391
fly6,fly10,1394
fly2,fly12,1395
fly4,fly3,1410
fly12,fly2,1420
fly11,fly5,1424
fly1,fly11,1442
fly5,fly10,1475
fly11,fly1,1478
fly1,fly6,1497
fly6,fly1,1511
fly1,fly5,1523
fly11,fly8,1553
fly8,fly11,1572
fly6,fly8,1624
fly8,fly6,1624
fly4,fly3,1627
fly9,fly12,1631
fly12,fly9,1631
fly7,fly12,1637
fly3,fly4,1654
fly10,fly1,1665
fly6,fly8,1670
fly7,fly5,1683
fly9,fly5,1684
fly5,fly7,1690
fly9,fly12,1699
fly10,fly1,1702
fly12,fly5,1707
fly5,fly12,1710
fly5,fly9,1712
fly9,fly5,1712
fly12,fly9,1723
fly4,fly2,1753
fly9,fly12,1805
fly10,fly5,1806
fly3,fly5,1815
fly5,fly3,1815
fly11,fly2,1816
fly2,fly11,1820
fly8,fly7,1839
fly7,fly8,1841
fly4,fly10,1879
fly4,fly11,1891
fly4,fly10,1923
fly9,fly1,1933
fly11,fly4,1936
fly12,fly1,1961
fly9,fly1,1968
fly7,fly10,2010
fly10,fly7,2010
fly6,fly2,2011
fly12,fly1,2014
fly2,fly6,2040
fly6,fly2,2045
fly6,fly5,2082
fly5,fly6,2101
fly8,fly10,2112
fly10,fly1,2147
fly10,fly8,2198
fly1,fly8,2212
fly8,fly10,2212
fly12,fly11,2223
fly11,fly12,2223
fly8,fly1,2225
fly12,fly11,2243
fly5,fly2,2285
fly3,fly4,2287
fly3,fly1,2318
fly10,fly9,2322
fly10,fly12,2324
fly9,fly12,2327
fly8,fly7,2330
fly7,fly8,2330
fly5,fly2,2331
fly2,fly5,2396
fly10,fly11,2399
fly11,fly10,2440
fly11,fly5,2464
fly11,fly5,2502
fly10,fly5,2523
fly1,fly7,2544
fly5,fly10,2595
fly10,fly5,2626
fly4,fly7,2634
fly5,fly11,2642
fly11,fly5,2672
fly8,fly10,2684
fly5,fly6,2712
fly6,fly5,2712
fly6,fly5,2735
fly10,fly5,2759
fly8,fly12,2798
fly3,fly10,2823
fly7,fly1,2942
fly9,fly3,2962
fly3,fly9,2977
fly2,fly4,2984
fly12,fly8,3007
fly11,fly2,3020
fly11,fly6,3044
fly2,fly6,3044
fly9,fly12,3048
fly11,fly2,3063
fly12,fly9,3076
fly9,fly12,3077
fly2,fly11,3078
fly3,fly8,3081
fly11,fly6,3094
fly8,fly3,3110
fly7,fly8,3132
fly7,fly5,3157
fly7,fly8,3164
fly2,fly9,3195
fly5,fly3,3195
fly3,fly5,3203
fly8,fly7,3209
fly7,fly8,3212
fly3,fly5,3222
fly7,fly8,3233
fly12,fly2,3267
fly11,fly9,3275
fly5,fly10,3275
fly9,fly11,3276
fly3,fly10,3280
fly10,fly3,3280
fly2,fly12,3293
fly5,fly2,3305
fly7,fly3,3332
fly5,fly7,3340
fly7,fly5,3354
fly7,fly2,3354
fly2,fly7,3361
fly12,fly7,3363
fly7,fly12,3364
fly9,fly6,3383
fly5,fly2,3384
fly12,fly11,3384
fly7,fly11,3397
fly5,fly11,3403
fly11,fly7,3416
fly12,fly5,3418
fly5,fly7,3420
fly3,fly11,3423
fly5,fly12,3441
fly6,fly9,3479
fly3,fly11,3485
fly8,fly3,3487
fly2,fly12,3519
fly1,fly12,3537
fly2,fly1,3544
fly1,fly2,3545
fly12,fly1,3545
fly7,fly10,3564
fly4,fly6,3565
fly6,fly4,3580
fly8,fly11,3582
fly5,fly9,3591
fly7,fly10,3604
fly3,fly2,3606
fly5,fly4,3607
fly9,fly5,3615
fly2,fly1,3615
fly10,fly7,3631
fly2,fly3,3635
fly6,fly5,3648
fly11,fly3,3654
fly1,fly3,3655
fly7,fly10,3659
fly4,fly5,3662
fly1,fly11,3692
fly10,fly12,3713
fly7,fly9,3790
fly5,fly1,3801
fly1,fly5,3803
fly9,fly4,3830
fly11,fly5,3834
fly5,fly11,3838
fly12,fly9,3858
fly12,fly4,3868
fly12,fly9,3908
fly6,fly12,3938
fly4,fly12,3940
fly4,fly9,3949
fly12,fly4,3950
fly8,fly12,3997
fly12,fly8,3997
fly6,fly9,4027
fly11,fly2,4040
fly8,fly6,4047
fly8,fly9,4052
fly7,fly5,4054
fly5,fly7,4077
fly9,fly6,4079
fly9,fly8,4082
fly11,fly2,4083
fly9,fly11,4102
fly11,fly8,4127
fly8,fly6,4142
fly7,fly5,4168
fly6,fly8,4174
fly9,fly2,4180
fly11,fly6,4185
fly7,fly5,4229
fly6,fly8,4230
fly5,fly7,4241
fly7,fly1,4283
fly8,fly6,4288
fly6,fly8,4303
fly11,fly2,4323
fly8,fly2,4331
fly9,fly6,4362
fly6,fly9,4363
fly1,fly7,4365
fly11,fly8,4371
fly6,fly9,4391
fly8,fly2,4398
fly7,fly1,4408
fly11,fly8,4414
fly11,fly2,4429
fly2,fly8,4437
fly6,fly12,4460
fly7,fly1,4460
fly2,fly4,4466
fly4,fly2,4488
fly4,fly9,4510
fly7,fly6,4516
fly6,fly7,4516
fly2,fly9,4523
fly5,fly11,4568
fly5,fly11,4596
fly5,fly11,4615
fly12,fly7,4643
fly7,fly12,4644
fly11,fly10,4650
fly4,fly8,4667
fly2,fly9,4679
fly7,fly11,4684
fly11,fly7,4692
fly11,fly7,4713
fly12,fly1,4735
fly11,fly1,4773
fly1,fly11,4777
fly5,fly4,4810
fly8,fly4,4849
fly4,fly8,4850
fly2,fly6,4885
fly9,fly6,4891
fly6,fly2,4894
fly11,fly12,4908
fly11,fly12,4942
fly10,fly6,4946
fly8,fly4,4968
fly4,fly8,4969
fly2,fly12,5014
fly12,fly2,5057
fly9,fly4,5072
fly4,fly9,5073
fly6,fly12,5096
fly8,fly1,5110
fly10,fly9,5115
fly9,fly10,5129
fly9,fly4,5165
fly11,fly5,5169
fly4,fly9,5172
fly11,fly5,5211
fly6,fly12,5214
fly11,fly5,5251
fly8,fly3,5350
fly11,fly8,5356
fly8,fly11,5357
fly12,fly5,5365
fly10,fly3,5373
fly3,fly10,5374
fly3,fly6,5471
fly6,fly3,5476
fly3,fly12,5482
fly10,fly4,5518
fly4,fly10,5518
fly12,fly6,5521
fly9,fly2,5531
fly1,fly10,5557
fly12,fly3,5568
fly3,fly12,5574
fly2,fly9,5574
fly9,fly2,5576
fly5,fly8,5615
fly9,fly3,5625
fly3,fly9,5625
fly7,fly8,5638
fly8,fly5,5639
fly7,fly5,5647
fly8,fly7,5673
fly1,fly10,5680
fly11,fly8,5687
fly1,fly4,5688
fly4,fly10,5689
fly8,fly5,5704
fly3,fly12,5707
fly5,fly8,5710
fly5,fly11,5714
fly11,fly5,5723
fly5,fly7,5734
fly8,fly5,5737
fly7,fly5,5742
fly8,fly7,5745
fly10,fly8,5751
fly8,fly10,5756
fly10,fly5,5757
fly10,fly7,5759
fly7,fly10,5760
fly5,fly10,5776
fly7,fly8,5778
fly5,fly7,5796
fly1,fly5,5811
fly12,fly9,5812
fly10,fly6,5823
fly5,fly8,5823
fly2,fly10,5824
fly6,fly10,5824
fly9,fly12,5828
fly10,fly11,5833
fly1,fly7,5837
fly7,fly1,5837
fly11,fly3,5844
fly3,fly11,5848
fly2,fly10,5854
fly10,fly11,5862
fly6,fly10,5869
fly11,fly6,5874
fly10,fly3,5879
fly5,fly7,5881
fly2,fly6,5909
fly7,fly1,5913
fly10,fly6,5924
fly1,fly7,5929
fly3,fly6,5933
fly6,fly2,5939
fly11,fly9,5944
fly9,fly11,5945
fly3,fly2,5960
fly7,fly5,5972
fly6,fly2,6000
fly7,fly4,6016
fly4,fly7,6039
fly8,fly2,6043
fly9,fly8,6087
fly7,fly12,6119
fly9,fly8,6123
fly5,fly10,6123
fly10,fly5,6127
fly10,fly6,6130
fly6,fly10,6143
fly8,fly9,6144
fly7,fly3,6168
fly11,fly2,6175
fly10,fly6,6177
fly12,fly3,6179
fly5,fly10,6188
fly3,fly7,6212
fly11,fly9,6229
fly3,fly12,6237
fly5,fly11,6263
fly3,fly4,6270
fly11,fly10,6287
fly10,fly11,6291
fly4,fly3,6317
fly2,fly11,6336
fly4,fly3,6351
fly4,fly12,6356
fly11,fly2,6360
fly12,fly4,6361
fly8,fly4,6420
fly12,fly4,6423
fly5,fly8,6424
fly4,fly12,6425
fly5,fly4,6434
fly5,fly12,6449
fly5,fly12,6465
fly8,fly4,6471
fly11,fly6,6492
fly12,fly4,6500
fly8,fly5,6513
fly12,fly5,6528
fly12,fly8,6532
fly5,fly8,6551
fly8,fly4,6561
fly7,fly4,6570
fly5,fly1,6599
fly1,fly5,6601
fly1,fly12,6619
fly12,fly1,6620
fly4,fly8,6643
fly6,fly7,6661
fly7,fly6,6671
fly10,fly9,6672
fly9,fly10,6675
fly7,fly8,6713
fly6,fly8,6714
fly4,fly1,6715
fly1,fly4,6715
fly8,fly6,6758
fly6,fly11,6770
fly10,fly5,6771
fly6,fly8,6810
fly4,fly12,6826
fly8,fly6,6826
fly12,fly1,6840
fly7,fly8,6873
fly1,fly11,6882
fly11,fly1,6883
fly8,fly2,6925
fly2,fly8,6928
fly6,fly1,6938
fly3,fly10,6942
fly7,fly1,6948
fly10,fly3,6979
fly8,fly3,6986
fly10,fly8,6990
fly8,fly10,6990
fly11,fly1,6998
fly6,fly7,7023
fly3,fly10,7036
fly3,fly10,7060
fly12,fly11,7091
fly3,fly2,7094
fly11,fly9,7119
fly9,fly11,7120
fly6,fly12,7125
fly7,fly9,7136
fly12,fly6,7145
fly3,fly2,7150
fly8,fly2,7158
fly3,fly8,7159
fly6,fly9,7183
fly3,fly1,7207
fly1,fly3,7207
fly6,fly9,7218
fly8,fly1,7224
fly7,fly6,7233
fly12,fly7,7236
fly2,fly1,7250
fly10,fly7,7259
fly7,fly10,7260
fly10,fly6,7265
fly10,fly9,7269
fly2,fly1,7346
fly9,fly6,7390
fly12,fly9,7395
fly9,fly10,7406
fly3,fly4,7428
fly4,fly3,7433
fly9,fly12,7434
fly9,fly12,7469
fly3,fly4,7480
fly7,fly10,7496
fly10,fly7,7506
fly3,fly1,7521
fly12,fly10,7527
fly1,fly3,7534
fly3,fly2,7545
fly2,fly3,7545
fly3,fly1,7555
fly12,fly5,7564
fly10,fly9,7579
fly9,fly12,7630
fly10,fly1,7687
fly1,fly10,7691
fly5,fly9,7725
fly10,fly8,7728
fly7,fly6,7732
fly6,fly7,7739
fly8,fly10,7740
fly11,fly3,7742
fly11,fly2,7768
fly12,fly9,7820
fly11,fly4,7823
fly4,fly11,7824
fly10,fly3,7835
fly1,fly8,7853
fly8,fly1,7853
fly3,fly10,7858
fly10,fly3,7865
fly11,fly4,7896
fly10,fly7,7897
fly3,fly7,7901
fly4,fly2,7926
fly10,fly3,7960
fly5,fly11,7964
fly5,fly4,7966
fly11,fly4,7985
fly5,fly11,8016
fly7,fly1,8018
fly4,fly2,8019
fly3,fly10,8030
fly1,fly7,8031
fly2,fly4,8041
fly11,fly4,8043
fly11,fly2,8046
fly8,fly10,8054
fly10,fly8,8055
fly9,fly12,8077
fly11,fly2,8078
fly10,fly1,8114
fly1,fly10,8120
fly5,fly4,8121
fly7,fly12,8136
fly12,fly7,8145
fly4,fly5,8158
fly5,fly4,8158
fly9,fly7,8174
fly2,fly5,8222
fly9,fly10,8244
fly3,fly11,8253
fly4,fly2,8277
fly2,fly4,8279
fly11,fly3,8284
fly8,fly5,8296
fly11,fly1,8380
fly1,fly11,8388
fly4,fly7,8410
fly7,fly9,8462
fly9,fly3,8481
fly7,fly6,8502
fly12,fly6,8506
fly9,fly3,8509
fly6,fly7,8509
fly8,fly10,8557
fly3,fly6,8561
fly6,fly3,8587
fly4,fly9,8597
fly3,fly12,8608
fly8,fly10,8611
fly3,fly6,8659
fly9,fly5,8706
fly4,fly9,8727
fly8,fly4,8733
fly8,fly9,8782
fly11,fly12,8784
fly9,fly4,8787
fly9,fly10,8795
fly4,fly10,8796
fly5,fly3,8796
fly5,fly6,8845
fly4,fly3,8847
fly10,fly8,8852
fly3,fly4,8860
fly10,fly4,8867
fly3,fly10,8873
fly3,fly4,8878
fly11,fly1,8890
fly6,fly8,8893
fly8,fly6,8898
fly3,fly9,8910
fly6,fly4,8935
fly6,fly4,8974
fly5,fly8,8988
fly9,fly6,9015
fly6,fly9,9035
fly2,fly7,9047
fly6,fly4,9050
fly5,fly9,9181
fly8,fly4,9189
fly6,fly3,9221
fly9,fly5,9227
fly6,fly1,9279
fly3,fly6,9293
fly4,fly3,9322
fly9,fly7,9323
fly7,fly9,9324
fly3,fly10,9354
fly9,fly7,9358
fly6,fly4,9396
fly11,fly2,9397
fly4,fly6,9426
fly12,fly2,9458
fly12,fly1,9469
fly10,fly11,9475
fly11,fly12,9492
fly10,fly5,9556
fly5,fly11,9565
fly11,fly10,9565
fly10,fly11,9568
fly12,fly10,9580
fly10,fly12,9581
fly11,fly5,9584
fly4,fly5,9629
fly1,fly8,9645
fly8,fly9,9645
fly4,fly7,9653
fly12,fly11,9666
fly3,fly12,9666
fly9,fly8,9670
fly9,fly1,9670
fly1,fly9,9673
fly11,fly12,9685
fly6,fly5,9691
fly1,fly9,9698
fly11,fly3,9711
fly11,fly12,9732
fly10,fly3,9743
fly9,fly5,9744
fly3,fly10,9744
fly5,fly9,9745
fly6,fly8,9753
fly12,fly11,9791
fly12,fly3,9808
fly4,fly10,9811
fly5,fly9,9843
fly3,fly11,9873
fly12,fly2,9892
fly2,fly12,9894
fly3,fly4,9904
fly10,fly8,9955
fly8,fly3,9985
fly12,fly1,10040
fly3,fly8,10060
fly6,fly5,10064
fly8,fly3,10088
fly3,fly8,10089
fly1,fly12,10090
fly11,fly4,10114
fly4,fly11,10123
fly4,fly11,10142
fly5,fly9,10150
fly12,fly1,10264
fly9,fly7,10271
fly3,fly9,10325
fly8,fly4,10353
fly3,fly7,10379
fly8,fly1,10382
fly12,fly11,10398
fly4,fly1,10454
fly5,fly4,10464
fly2,fly7,10484
fly9,fly2,10495
fly2,fly9,10501
fly8,fly5,10506
fly8,fly4,10509
fly4,fly8,10547
fly9,fly3,10560
fly3,fly11,10593
fly9,fly1,10593
fly3,fly11,10618
fly6,fly7,10634
fly7,fly6,10636
fly8,fly2,10652
fly12,fly10,10664
fly9,fly1,10690
fly8,fly1,10693
fly1,fly8,10717
fly8,fly1,10721
fly2,fly9,10737
fly6,fly7,10742
fly6,fly3,10742
fly7,fly3,10764
fly3,fly6,10764
fly9,fly2,10790
fly2,fly10,10812
fly3,fly6,10847
fly4,fly5,10857
fly5,fly4,10857
fly3,fly12,10872
fly12,fly3,10881
fly6,fly12,10886
fly3,fly12,10900
fly9,fly1,10903
fly12,fly6,10905
fly9,fly5,10906
fly5,fly1,10914
fly1,fly5,10917
fly9,fly1,10934
fly1,fly9,10936
fly12,fly3,10939
fly10,fly7,10939
fly7,fly10,10945
fly12,fly7,10975
fly12,fly10,11001
fly11,fly8,11002
fly11,fly3,11062
fly10,fly12,11080
fly11,fly7,11102
fly7,fly11,11105
fly8,fly3,11106
fly9,fly5,11122
fly8,fly3,11151
fly11,fly12,11160
fly7,fly8,11173
fly8,fly7,11181
fly12,fly11,11201
fly8,fly3,11247
fly3,fly8,11258
fly12,fly2,11263
fly2,fly11,11270
fly12,fly11,11277
fly11,fly12,11292
fly8,fly3,11314
fly11,fly12,11343
fly8,fly3,11348
fly12,fly2,11361
fly12,fly1,11375
fly9,fly7,11386
fly10,fly3,11417
fly9,fly7,11420
fly10,fly8,11447
fly8,fly10,11447
fly8,fly3,11471
fly9,fly12,11476
fly12,fly9,11483
fly5,fly1,11503
fly12,fly9,11518
fly4,fly7,11543
fly3,fly7,11583
fly7,fly3,11587
fly11,fly9,11605
fly12,fly2,11605
fly5,fly3,11614
fly7,fly3,11616
fly9,fly11,11617
fly3,fly5,11617
fly7,fly5,11628
fly5,fly7,11628
fly1,fly10,11642
fly10,fly4,11650
fly3,fly7,11656
fly5,fly7,11656
fly7,fly3,11662
fly7,fly5,11688
fly2,fly9,11689
fly7,fly5,11709
fly5,fly3,11728
fly10,fly3,11729
fly3,fly10,11730
fly10,fly5,11740
fly8,fly5,11781
fly9,fly10,11841
fly5,fly12,11849
fly7,fly12,11890
fly12,fly7,11903
fly9,fly12,11952
fly12,fly9,11958
fly11,fly8,11966
fly7,fly9,12031
fly8,fly3,12099
fly10,fly12,12100
fly10,fly12,12150
fly4,fly7,12161
fly10,fly2,12167
fly2,fly10,12169
fly8,fly4,12192
fly2,fly12,12212
fly1,fly3,12215
fly3,fly1,12237
fly5,fly6,12266
fly7,fly8,12266
fly4,fly7,12300
fly9,fly11,12319
fly10,fly4,12324
fly4,fly10,12325
fly8,fly3,12342
fly11,fly9,12360
fly3,fly10,12373
fly3,fly8,12468
fly11,fly8,12513
fly8,fly11,12525
fly11,fly8,12543
fly8,fly11,12605
fly9,fly7,12619
fly8,fly11,12624
fly3,fly6,12656
fly12,fly10,12689
fly10,fly12,12695
fly8,fly1,12715
fly11,fly1,12733
fly1,fly11,12735
fly8,fly11,12743
fly5,fly11,12772
fly11,fly5,12774
fly11,fly8,12797
fly11,fly8,12827
fly2,fly11,12867
fly9,fly10,12881
fly10,fly9,12881
fly4,fly6,12886
fly3,fly11,12899
fly5,fly1,12908
fly11,fly3,12915
fly1,fly5,12922
fly1,fly5,12962
fly2,fly8,12977
fly7,fly9,12991
fly5,fly12,12995
fly12,fly5,13016
fly8,fly3,13027
fly6,fly12,13032
fly4,fly6,13047
fly6,fly4,13079
fly12,fly4,13080
fly11,fly10,13089
fly11,fly7,13093
fly10,fly11,13107
fly1,fly4,13121
fly4,fly1,13129
fly11,fly7,13135
fly5,fly12,13142
fly12,fly5,13169
fly11,fly7,13179
fly2,fly8,13184
fly4,fly12,13185
fly12,fly4,13192
fly9,fly7,13197
fly8,fly2,13208
fly7,fly10,13326
fly12,fly8,13341
fly5,fly10,13346
fly10,fly5,13354
fly12,fly2,13391
fly5,fly3,13399
fly3,fly5,13401
fly9,fly12,13472
fly7,fly6,13482
fly10,fly1,13487
fly6,fly7,13489
fly3,fly10,13497
fly4,fly2,13521
fly2,fly4,13529
fly6,fly7,13602
fly5,fly6,13625
fly6,fly5,13633
fly7,fly9,13642
fly12,fly3,13644
fly6,fly7,13663
fly4,fly12,13676
fly9,fly7,13708
fly9,fly6,13723
fly7,fly9,13731
fly7,fly6,13738
fly6,fly7,13751
fly5,fly12,13808
fly11,fly3,13808
fly8,fly2,13821
fly5,fly7,13825
fly9,fly2,13829
fly7,fly12,13835
fly3,fly11,13848
fly8,fly2,13858
fly11,fly10,13875
fly4,fly7,13885
fly11,fly5,13898
fly5,fly4,13911
fly11,fly7,13919
fly11,fly4,13921
fly5,fly11,13930
fly4,fly11,13954
fly2,fly3,13972
fly10,fly7,13974
fly6,fly12,13988
fly12,fly5,13991
fly3,fly1,13993
fly5,fly11,13995
fly10,fly4,14003
fly10,fly4,14026
fly4,fly10,14029
fly10,fly6,14047
fly4,fly6,14050
fly6,fly4,14127
fly4,fly6,14148
fly12,fly4,14154
fly10,fly8,14160
fly10,fly6,14234
fly6,fly10,14240
fly6,fly8,14245
fly12,fly4,14269
fly12,fly4,14297
fly4,fly12,14302
fly4,fly12,14389
fly10,fly7,14404
fly4,fly12,14534
fly12,fly2,14542
fly5,fly3,14557
fly1,fly2,14560
fly2,fly1,14560
fly4,fly2,14562
fly1,fly4,14580
fly4,fly1,14591
fly4,fly12,14602
fly1,fly12,14603
fly12,fly7,14605
fly7,fly1,14610
fly4,fly7,14634
fly10,fly3,14639
fly12,fly11,14648
fly11,fly12,14648
fly7,fly2,14658
fly1,fly11,14685
fly9,fly3,14709
fly5,fly6,14722
fly4,fly11,14737
fly11,fly12,14775
fly10,fly12,14785
fly10,fly11,14794
fly11,fly12,14801
fly10,fly12,14806
fly12,fly11,14810
fly8,fly6,14816
fly8,fly7,14820
fly7,fly6,14824
fly6,fly8,14855
fly5,fly2,14875
fly10,fly12,14899
fly12,fly5,14900
fly5,fly12,14901
fly12,fly2,14929
fly2,fly12,14935
fly12,fly9,14944
fly1,fly4,14953
fly5,fly9,14955
fly5,fly9,14981
fly2,fly6,14991
fly12,fly6,14999
fly5,fly4,15007
fly3,fly12,15011
fly3,fly2,15035
fly2,fly3,15036
fly9,fly6,15050
fly2,fly12,15053
fly12,fly9,15062
fly9,fly2,15072
fly2,fly9,15092
fly7,fly5,15101
fly12,fly2,15120
fly2,fly6,15121
fly8,fly10,15128
fly5,fly7,15134
fly9,fly3,15153
fly7,fly4,15154
fly3,fly9,15158
fly4,fly7,15168
fly1,fly10,15169
fly9,fly3,15225
fly12,fly3,15238
fly3,fly12,15239
fly9,fly12,15255
fly3,fly2,15268
fly3,fly6,15281
fly6,fly3,15288
fly8,fly1,15299
fly11,fly6,15304
fly4,fly7,15307
fly11,fly2,15311
fly2,fly11,15313
fly11,fly12,15371
fly6,fly3,15372
fly5,fly1,15397
fly9,fly11,15435
fly7,fly1,15438
fly11,fly9,15453
fly4,fly3,15482
fly12,fly11,15525
fly11,fly12,15541
fly3,fly4,15619
fly12,fly2,15627
fly1,fly5,15648
fly11,fly5,15683
fly2,fly11,15798
fly12,fly2,15810
fly2,fly11,15818
fly12,fly11,15830
fly9,fly7,15855
fly7,fly9,15856
fly11,fly7,15897
fly12,fly7,15909
fly9,fly11,15913
fly9,fly8,15975
fly11,fly8,15976
fly8,fly11,15977
fly7,fly12,15995
fly12,fly7,15996
fly10,fly1,16045
fly1,fly10,16047
fly4,fly9,16050
fly9,fly4,16052
fly8,fly12,16111
fly12,fly8,16113
fly11,fly12,16119
fly12,fly11,16140
fly10,fly7,16172
fly5,fly6,16200
fly6,fly5,16202
fly4,fly12,16207
fly12,fly4,16207
fly1,fly3,16213
fly6,fly5,16222
fly4,fly11,16228
fly3,fly1,16229
fly12,fly11,16229
fly11,fly4,16236
fly1,fly3,16246
fly12,fly4,16254
fly11,fly12,16265
fly8,fly4,16274
fly9,fly12,16278
fly12,fly11,16282
fly3,fly1,16290
fly8,fly4,16292
fly9,fly11,16301
fly11,fly9,16308
fly1,fly3,16308
fly9,fly8,16310
fly4,fly8,16311
fly10,fly6,16319
fly6,fly10,16328
fly9,fly11,16338
fly8,fly9,16340
fly12,fly8,16362
fly4,fly9,16371
fly3,fly1,16399
fly12,fly11,16412
fly7,fly9,16428
fly11,fly12,16444
fly2,fly6,16488
fly5,fly1,16509
fly6,fly2,16510
fly8,fly10,16522
fly1,fly8,16584
fly8,fly1,16588
fly7,fly4,16627
fly12,fly7,16632
fly12,fly4,16646
fly11,fly2,16671
fly12,fly4,16673
fly8,fly3,16698
fly3,fly8,16699
fly1,fly3,16711
fly7,fly4,16729
fly10,fly7,16753
fly5,fly6,16765
fly2,fly11,16772
fly11,fly2,16786
fly5,fly2,16792
fly11,fly10,16833
fly3,fly9,16838
fly10,fly11,16839
fly2,fly6,16842
fly9,fly3,16860
fly3,fly9,16864
fly10,fly2,16876
fly11,fly6,16880
fly10,fly8,16909
fly2,fly5,16922
fly11,fly6,16930
fly6,fly8,16934
fly8,fly6,16934
fly11,fly6,16951
fly9,fly3,16963
fly12,fly1,16979
fly6,fly11,16988
fly1,fly12,16991
fly9,fly2,17016
fly2,fly9,17028
fly3,fly2,17093
fly8,fly6,17095
fly2,fly3,17096
fly3,fly11,17128
fly8,fly6,17138
fly6,fly8,17160
fly11,fly6,17195
fly8,fly6,17210
fly2,fly6,17250
fly11,fly8,17266
fly2,fly11,17280
fly6,fly2,17283
fly10,fly6,17305
fly6,fly10,17315
fly11,fly2,17322
fly6,fly11,17324
fly10,fly12,17334
fly10,fly11,17336
fly11,fly10,17346
fly12,fly10,17352
fly12,fly8,17364
fly8,fly12,17371
fly10,fly8,17373
fly10,fly12,17374
fly12,fly8,17392
fly6,fly11,17396
fly11,fly6,17420
fly8,fly10,17443
fly8,fly11,17448
fly4,fly5,17460
fly5,fly4,17466
fly9,fly2,17467
fly2,fly9,17471
fly5,fly1,17529
fly8,fly12,17553
fly12,fly8,17557
fly11,fly2,17579
fly6,fly10,17581
fly2,fly11,17598
fly12,fly8,17609
fly4,fly11,17658
fly8,fly6,17704
fly5,fly11,17726
fly4,fly2,17736
fly2,fly4,17737
fly9,fly6,17766
fly3,fly10,17774
fly6,fly8,17828
fly4,fly5,17851
fly5,fly2,17858
fly4,fly1,17878
fly3,fly11,17934
fly5,fly6,18006
fly6,fly5,18006
fly9,fly3,18018
fly10,fly8,18020
fly3,fly9,18020
fly10,fly7,18069
fly10,fly3,18085
fly5,fly10,18115
fly3,fly5,18131
fly5,fly3,18149
fly10,fly7,18153
fly7,fly3,18154
fly11,fly9,18155
fly3,fly10,18166
fly7,fly5,18166
fly5,fly7,18166
fly10,fly7,18192
fly4,fly11,18223
fly9,fly11,18225
fly4,fly9,18228
fly11,fly4,18240
fly2,fly12,18270
fly4,fly9,18293
fly6,fly1,18296
fly7,fly8,18359
fly3,fly5,18371
fly8,fly7,18377
fly3,fly8,18408
fly3,fly5,18416
fly8,fly3,18416
fly7,fly5,18417
fly8,fly5,18421
fly7,fly8,18448
fly5,fly3,18458
fly10,fly8,18486
fly3,fly1,18509
fly5,fly7,18519
fly10,fly2,18550
fly5,fly7,18554
fly6,fly5,18592
fly1,fly2,18603
fly2,fly1,18603
fly12,fly1,18615
fly3,fly11,18619
fly11,fly3,18629
fly8,fly9,18634
fly9,fly8,18652
fly4,fly6,18668
fly10,fly1,18673
fly3,fly2,18679
fly6,fly4,18692
fly11,fly4,18722
fly4,fly11,18723
fly2,fly3,18729
fly7,fly3,18735
fly9,fly8,18788
fly8,fly9,18788
fly12,fly1,18792
fly7,fly12,18811
fly7,fly1,18829
fly1,fly7,18831
fly1,fly12,18841
fly7,fly10,18860
fly10,fly7,18879
fly9,fly8,18884
fly8,fly9,18897
fly2,fly1,18899
fly8,fly5,18914
fly2,fly3,18963
fly1,fly12,18963
fly3,fly2,18964
fly11,fly9,18971
fly6,fly4,18972
fly4,fly6,18984
fly11,fly8,18987
fly8,fly11,18988
fly10,fly5,19054
fly5,fly10,19072
fly9,fly4,19143
fly12,fly1,19171
fly9,fly6,19179
fly12,fly6,19185
fly5,fly11,19186
fly11,fly5,19187
fly6,fly12,19194
fly9,fly1,19199
fly8,fly5,19218
fly5,fly8,19235
fly10,fly2,19243
fly6,fly12,19245
fly5,fly8,19256
fly2,fly10,19259
fly12,fly4,19288
fly7,fly8,19321
fly9,fly6,19356
fly3,fly10,19357
fly2,fly8,19362
fly9,fly10,19391
fly11,fly9,19400
fly8,fly2,19400
fly10,fly3,19410
fly11,fly10,19416
fly9,fly3,19424
fly10,fly6,19434
fly7,fly2,19439
fly2,fly7,19441
fly3,fly6,19450
fly1,fly8,19452
fly11,fly10,19463
fly10,fly9,19472
fly7,fly8,19480
fly8,fly1,19484
fly3,fly9,19487
fly9,fly10,19490
fly10,fly11,19491
fly4,fly12,19495
fly1,fly8,19509
fly3,fly10,19514
fly9,fly11,19516
fly3,fly11,19539
fly8,fly1,19545
fly11,fly10,19547
fly11,fly3,19548
fly11,fly9,19557
fly6,fly8,19562
fly8,fly6,19562
fly6,fly1,19574
fly1,fly6,19581
fly11,fly9,19584
fly3,fly11,19589
fly9,fly11,19600
fly11,fly3,19620
fly10,fly9,19623
fly9,fly3,19623
fly10,fly5,19630
fly1,fly2,19665
fly3,fly5,19666
fly3,fly11,19670
fly4,fly12,19681
fly5,fly11,19683
fly12,fly4,19700
fly5,fly3,19704
fly8,fly2,19706
fly3,fly11,19712
fly5,fly1,19721
fly1,fly5,19722
fly2,fly8,19738
fly9,fly2,19762
fly2,fly9,19765
fly2,fly9,19794
fly9,fly10,19797
fly3,fly1,19806
fly9,fly2,19821
fly11,fly1,19856
fly2,fly10,19859
fly3,fly11,19870
fly10,fly3,19883
fly9,fly2,19894
fly2,fly9,19899
fly10,fly11,19902
fly9,fly10,19913
fly3,fly1,19913
fly10,fly9,19913
fly3,fly11,19922
fly11,fly1,19927
fly10,fly2,19932
fly9,fly3,19944
fly11,fly1,19957
fly9,fly1,19963
fly11,fly10,19967
fly3,fly1,19967
fly11,fly10,19982
fly10,fly1,19985
fly10,fly11,19988
fly2,fly1,20002
fly10,fly3,20003
fly3,fly10,20004
fly2,fly11,20007
fly1,fly11,20021
fly6,fly7,20023
fly9,fly5,20023
fly5,fly9,20024
fly12,fly8,20026
fly10,fly2,20026
fly11,fly10,20027
fly11,fly2,20031
fly10,fly9,20039
fly1,fly3,20039
fly3,fly11,20046
fly2,fly9,20048
fly9,fly10,20059
fly11,fly9,20063
fly9,fly2,20069
fly9,fly11,20069
fly2,fly10,20071
fly3,fly11,20083
fly11,fly9,20115
fly11,fly2,20115
fly1,fly3,20116
fly3,fly9,20137
fly9,fly3,20143
fly3,fly1,20146
fly9,fly1,20146
fly10,fly6,20151
fly11,fly3,20152
fly6,fly10,20158
fly5,fly1,20161
fly1,fly9,20167
fly5,fly3,20182
fly10,fly6,20192
fly11,fly2,20207
fly6,fly10,20208
fly1,fly3,20209
fly9,fly3,20220
fly12,fly6,20224
fly10,fly11,20226
fly12,fly10,20230
fly6,fly12,20237
fly1,fly5,20239
fly3,fly8,20246
fly9,fly8,20249
fly5,fly1,20253
fly5,fly3,20264
fly3,fly1,20264
fly8,fly9,20277
fly7,fly5,20280
fly5,fly7,20280
fly7,fly3,20284
fly9,fly7,20290
fly12,fly10,20293
fly9,fly3,20294
fly6,fly12,20294
fly9,fly5,20298
fly3,fly7,20318
fly11,fly10,20323
fly11,fly2,20332
fly9,fly1,20333
fly8,fly3,20340
fly10,fly11,20342
fly2,fly10,20343
fly7,fly9,20345
fly7,fly1,20351
fly3,fly7,20353
fly5,fly3,20354
fly2,fly10,20370
fly1,fly7,20370
fly2,fly1,20370
fly7,fly8,20376
fly3,fly8,20377
fly3,fly9,20377
fly9,fly7,20381
fly8,fly2,20381
fly6,fly4,20386
fly2,fly9,20392
fly9,fly3,20393
fly5,fly3,20394
fly3,fly9,20398
fly7,fly2,20398
fly10,fly2,20408
fly9,fly5,20411
fly9,fly1,20412
fly3,fly1,20414
fly7,fly10,20414
fly5,fly7,20419
fly1,fly9,20420
fly3,fly9,20421
fly10,fly9,20423
fly1,fly5,20423
fly2,fly3,20424
fly3,fly7,20424
fly5,fly10,20427
fly3,fly2,20431
fly1,fly7,20432
fly9,fly1,20434
fly2,fly9,20434
fly9,fly7,20438
fly7,fly1,20441
fly10,fly2,20450
fly10,fly9,20451
fly10,fly3,20454
fly9,fly10,20454
fly3,fly10,20470
fly6,fly8,20471
fly11,fly4,20486
fly9,fly3,20486
fly4,fly11,20491
fly9,fly2,20492
fly10,fly3,20492
fly1,fly10,20493
fly1,fly9,20497
fly10,fly2,20498
fly8,fly6,20511
fly6,fly8,20511
fly3,fly7,20514
fly2,fly10,20517
fly10,fly2,20535
fly6,fly12,20536
fly7,fly3,20557
fly12,fly6,20560
fly11,fly4,20562
fly10,fly1,20583
fly7,fly10,20589
fly1,fly9,20609
fly3,fly12,20622
fly4,fly11,20623
fly5,fly9,20623
fly9,fly1,20631
fly12,fly7,20650
fly12,fly3,20650
fly12,fly1,20651
fly6,fly11,20659
fly11,fly6,20674
fly7,fly11,20674
fly3,fly9,20676
fly6,fly4,20690
fly1,fly11,20695
fly11,fly7,20700
fly5,fly2,20701
fly12,fly9,20706
fly7,fly6,20708
fly11,fly1,20710
fly11,fly12,20719
fly6,fly7,20720
fly1,fly6,20721
fly11,fly9,20723
fly12,fly3,20727
fly10,fly4,20729
fly6,fly1,20741
fly11,fly12,20747
fly3,fly12,20754
fly12,fly11,20756
fly1,fly7,20758
fly11,fly3,20761
fly3,fly11,20763
fly5,fly9,20770
fly7,fly10,20774
fly1,fly10,20776
fly9,fly6,20779
fly6,fly9,20780
fly7,fly1,20781
fly11,fly3,20787
fly10,fly7,20790
fly6,fly10,20799
fly9,fly10,20800
fly12,fly11,20801
fly3,fly6,20813
fly11,fly12,20815
fly7,fly4,20816
fly3,fly10,20822
fly10,fly9,20823
fly9,fly4,20832
fly6,fly7,20836
fly5,fly4,20837
fly5,fly7,20839
fly7,fly5,20847
fly3,fly12,20851
fly5,fly9,20856
fly6,fly5,20857
fly5,fly6,20857
fly11,fly5,20858
fly3,fly10,20867
fly11,fly6,20868
fly7,fly9,20869
fly3,fly12,20870
fly9,fly1,20877
fly12,fly10,20881
fly6,fly11,20882
fly11,fly6,20883
fly12,fly3,20884
fly7,fly4,20885
fly9,fly7,20888
fly6,fly3,20899
fly3,fly12,20900
fly9,fly11,20905
fly6,fly12,20908
fly12,fly6,20908
fly9,fly3,20909
fly11,fly1,20912
fly1,fly11,20913
fly12,fly9,20917
fly9,fly12,20918
fly6,fly9,20922
fly9,fly6,20925
fly9,fly11,20930
fly11,fly9,20934
fly7,fly12,20936
fly9,fly1,20939
fly3,fly11,20941
fly12,fly7,20942
fly7,fly6,20946
fly10,fly7,20947
fly1,fly12,20947
fly6,fly7,20947
fly7,fly1,20953
fly6,fly1,20956
fly12,fly4,20962
fly7,fly10,20967
fly10,fly1,20971
fly10,fly6,20975
fly6,fly10,20976
fly4,fly1,20978
fly7,fly6,20980
fly1,fly4,20980
fly11,fly3,20983
fly4,fly7,20986
fly5,fly3,20986
fly10,fly9,20991
fly9,fly10,20992
fly9,fly6,20996
fly1,fly6,21001
fly6,fly4,21001
fly4,fly6,21001
fly10,fly11,21005
fly12,fly5,21009
fly5,fly12,21014
fly7,fly11,21017
fly10,fly3,21018
fly11,fly3,21018
fly3,fly10,21020
fly10,fly12,21022
fly9,fly6,21023
fly4,fly1,21026
fly11,fly3,21042
fly10,fly12,21049
fly10,fly5,21054
fly9,fly3,21064
fly7,fly3,21067
fly7,fly6,21069
fly12,fly11,21082
fly9,fly6,21085
fly6,fly7,21089
fly5,fly12,21090
fly7,fly4,21092
fly5,fly10,21096
fly6,fly3,21111
fly10,fly11,21116
fly4,fly3,21118
fly9,fly6,21120
fly9,fly7,21121
fly6,fly9,21125
fly4,fly7,21129
fly12,fly6,21132
fly6,fly12,21132
fly9,fly3,21133
fly9,fly4,21134
fly4,fly9,21135
fly12,fly7,21137
fly6,fly7,21139
fly12,fly9,21143
fly12,fly3,21151
fly12,fly4,21154
fly7,fly3,21160
fly7,fly9,21166
fly4,fly3,21167
fly4,fly7,21170
fly12,fly3,21172
fly3,fly9,21181
fly3,fly12,21187
fly4,fly3,21187
fly9,fly12,21188
fly2,fly10,21192
fly7,fly1,21195
fly3,fly4,21196
fly1,fly7,21201
fly1,fly9,21206
fly5,fly6,21206
fly4,fly8,21220
fly8,fly4,21223
fly1,fly9,21238
fly1,fly7,21238
fly1,fly12,21245
fly12,fly1,21246
fly4,fly5,21246
fly5,fly4,21246
fly8,fly3,21255
fly3,fly12,21255
fly8,fly12,21255
fly9,fly7,21256
fly5,fly6,21264
fly5,fly7,21267
fly12,fly8,21271
fly6,fly9,21273
fly1,fly6,21274
fly5,fly9,21274
fly10,fly7,21278
fly6,fly10,21278
fly7,fly5,21278
fly10,fly9,21278
fly10,fly6,21280
fly5,fly1,21282
fly9,fly5,21296
fly4,fly5,21298
fly6,fly1,21301
fly10,fly6,21305
fly10,fly7,21306
fly6,fly9,21308
fly3,fly4,21309
fly9,fly6,21310
fly5,fly7,21313
fly9,fly10,21314
fly6,fly5,21320
fly9,fly7,21320
fly4,fly3,21330
fly11,fly12,21339
fly7,fly10,21340
fly9,fly10,21346
fly10,fly9,21351
fly7,fly1,21359
fly10,fly3,21360
fly3,fly10,21361
fly9,fly7,21365
fly3,fly9,21376
fly6,fly8,21377
fly7,fly9,21384
fly10,fly5,21390
fly4,fly11,21390
fly4,fly10,21395
fly3,fly1,21406
fly10,fly11,21406
fly4,fly10,21421
fly7,fly1,21423
fly3,fly7,21423
fly12,fly4,21434
fly7,fly9,21436
fly12,fly5,21437
fly3,fly1,21449
fly3,fly9,21455
fly3,fly7,21456
fly4,fly11,21477
fly11,fly4,21478
fly11,fly12,21486
fly12,fly11,21487
fly7,fly9,21501
fly4,fly12,21507
fly4,fly11,21516
fly7,fly9,21524
fly2,fly5,21533
fly12,fly2,21579
fly7,fly2,21580
fly2,fly7,21581
fly5,fly4,21586
fly4,fly5,21586
fly12,fly7,21592
fly7,fly9,21607
fly7,fly12,21622
fly6,fly11,21638
fly9,fly12,21647
fly12,fly4,21649
fly12,fly7,21653
fly4,fly7,21670
fly12,fly9,21675
fly12,fly4,21706
fly8,fly7,21717
fly7,fly8,21717
fly5,fly6,21723
fly9,fly4,21723
fly12,fly9,21738
fly8,fly4,21755
fly4,fly9,21779
fly4,fly12,21782
fly11,fly10,21783
fly10,fly11,21786
fly7,fly1,21813
fly1,fly7,21813
fly9,fly12,21814
fly3,fly4,21857
fly12,fly9,21867
fly12,fly4,21882
fly4,fly12,21885
fly9,fly3,21897
fly7,fly4,21916
fly4,fly12,21919
fly12,fly9,21943
fly7,fly12,21950
fly7,fly9,21955
fly8,fly3,21974
fly10,fly5,21999
fly7,fly9,22001
fly9,fly12,22012
fly9,fly7,22014
fly12,fly3,22021
fly7,fly12,22023
fly7,fly3,22028
fly9,fly4,22036
fly12,fly9,22038
fly12,fly4,22045
fly4,fly9,22050
fly9,fly11,22057
fly12,fly7,22062
fly4,fly12,22082
fly11,fly9,22082
fly1,fly11,22084
fly1,fly4,22089
fly8,fly3,22092
fly9,fly12,22095
fly1,fly9,22097
fly11,fly12,22098
fly7,fly8,22100
fly8,fly7,22100
fly7,fly3,22101
fly11,fly9,22107
fly12,fly8,22115
fly9,fly4,22116
fly9,fly1,22116
fly9,fly11,22118
fly11,fly4,22118
fly7,fly12,22123
fly9,fly12,22128
fly5,fly7,22129
fly8,fly12,22132
fly10,fly6,22132
fly9,fly7,22134
fly4,fly1,22135
fly9,fly1,22141
fly4,fly8,22143
fly8,fly4,22144
fly12,fly7,22146
fly9,fly5,22147
fly8,fly1,22147
fly3,fly5,22149
fly7,fly1,22158
fly12,fly4,22160
fly11,fly8,22164
fly8,fly11,22165
fly7,fly3,22171
fly12,fly9,22173
fly11,fly9,22179
fly8,fly9,22179
fly11,fly12,22184
fly8,fly12,22186
fly8,fly4,22186
fly9,fly4,22190
fly9,fly12,22202
fly12,fly11,22202
fly8,fly4,22213
fly4,fly8,22214
fly4,fly3,22214
fly12,fly9,22219
fly12,fly4,22219
fly12,fly3,22229
fly9,fly3,22231
fly5,fly4,22241
fly4,fly5,22242
fly11,fly5,22242
fly9,fly12,22247
fly9,fly5,22267
fly3,fly8,22275
fly4,fly9,22277
fly8,fly3,22278
fly3,fly9,22293
fly5,fly4,22297
fly9,fly5,22300
fly9,fly4,22302
fly5,fly9,22321
fly11,fly7,22324
fly4,fly3,22326
fly5,fly3,22332
fly3,fly5,22333
fly11,fly5,22336
fly9,fly11,22338
fly5,fly7,22344
fly3,fly11,22359
fly11,fly5,22361
fly11,fly3,22362
fly9,fly7,22363
fly9,fly12,22364
fly12,fly9,22364
fly12,fly7,22366
fly12,fly4,22367
fly4,fly3,22369
fly11,fly4,22370
fly11,fly9,22380
fly7,fly4,22385
fly4,fly3,22386
fly11,fly7,22392
fly7,fly3,22396
fly11,fly12,22404
fly12,fly11,22404
fly9,fly12,22409
fly4,fly7,22427
fly12,fly4,22442
fly7,fly4,22443
fly9,fly11,22449
fly7,fly9,22459
fly9,fly7,22471
fly4,fly12,22471
fly3,fly12,22481
fly12,fly1,22483
fly9,fly3,22501
fly3,fly1,22514
fly4,fly9,22522
fly1,fly9,22529
fly1,fly4,22545
fly4,fly1,22565
fly11,fly1,22569
fly12,fly5,22577
fly9,fly4,22582
fly10,fly6,22583
fly11,fly4,22601
fly4,fly11,22612
fly8,fly1,22621
fly12,fly3,22664
fly8,fly5,22687
fly4,fly12,22741
fly5,fly8,22765
fly11,fly4,22781
fly5,fly8,22787
fly9,fly7,22795
fly10,fly9,22800
fly9,fly12,22801
fly7,fly4,22801
fly9,fly4,22815
fly12,fly4,22824
fly5,fly8,22835
fly9,fly4,22856
fly4,fly12,22857
fly4,fly9,22859
fly8,fly5,22868
fly4,fly7,22876
fly12,fly9,22881
fly12,fly4,22892
fly5,fly8,22899
fly4,fly12,22904
fly9,fly4,22904
fly7,fly2,22913
fly9,fly12,22916
fly4,fly9,22918
fly5,fly8,22920
fly8,fly5,22926
fly2,fly7,22935
fly12,fly2,22939
fly2,fly12,22942
fly11,fly4,22943
fly7,fly6,22944
fly4,fly11,22950
fly2,fly12,22968
fly11,fly9,22979
fly12,fly9,22980
fly9,fly12,22981
fly11,fly12,22989
fly2,fly6,22989
fly9,fly12,23008
fly12,fly6,23008
fly6,fly12,23010
fly9,fly6,23015
fly6,fly9,23019
fly8,fly10,23021
fly12,fly11,23021
fly6,fly11,23030
fly11,fly6,23030
fly12,fly6,23037
fly9,fly11,23038
fly9,fly11,23061
fly12,fly9,23062
fly6,fly11,23077
fly11,fly9,23087
fly9,fly12,23087
fly9,fly12,23136
fly12,fly9,23137
fly9,fly12,23182
fly11,fly12,23211
fly11,fly12,23236
fly12,fly9,23239
fly12,fly4,23255
fly4,fly12,23256
fly9,fly4,23298
fly12,fly6,23300
fly12,fly5,23300
fly7,fly5,23321
fly12,fly10,23347
fly3,fly9,23363
fly9,fly3,23364
fly5,fly10,23379
fly7,fly4,23381
fly3,fly4,23382
fly9,fly4,23384
fly9,fly3,23385
fly10,fly4,23385
fly7,fly3,23387
fly5,fly7,23394
fly4,fly10,23394
fly9,fly7,23395
fly7,fly9,23395
fly10,fly7,23404
fly4,fly7,23407
fly9,fly5,23422
fly5,fly9,23422
fly3,fly9,23423
fly7,fly3,23444
fly4,fly5,23444
fly3,fly7,23446
fly11,fly3,23455
fly4,fly3,23456
fly5,fly3,23459
fly3,fly5,23459
fly7,fly5,23461
fly3,fly4,23464
fly8,fly9,23467
fly9,fly8,23467
fly8,fly4,23501
fly11,fly7,23501
fly9,fly4,23525
fly4,fly9,23526
fly8,fly3,23538
fly3,fly8,23539
fly7,fly8,23540
fly8,fly7,23540
fly7,fly4,23549
fly7,fly3,23553
fly1,fly6,23558
fly9,fly4,23563
fly4,fly9,23567
fly10,fly5,23568
fly11,fly2,23568
fly5,fly10,23573
fly9,fly2,23577
fly2,fly4,23591
fly6,fly1,23593
fly2,fly3,23624
fly3,fly1,23641
fly2,fly3,23652
fly7,fly1,23659
fly3,fly10,23664
fly11,fly9,23668
fly11,fly4,23675
fly9,fly4,23687
fly3,fly4,23688
fly11,fly3,23693
fly3,fly11,23694
fly2,fly10,23705
fly10,fly4,23709
fly11,fly3,23710
fly11,fly10,23714
fly10,fly2,23719
fly4,fly2,23721
fly2,fly4,23722
fly4,fly10,23728
fly3,fly8,23751
fly4,fly6,23778
fly7,fly1,23782
fly6,fly4,23784
fly11,fly6,23786
fly6,fly11,23790
fly9,fly8,23793
fly8,fly9,23794
fly11,fly4,23800
fly8,fly7,23800
fly8,fly9,23818
fly9,fly5,23824
fly5,fly9,23826
fly9,fly7,23838
fly8,fly11,23843
fly9,fly8,23844
fly9,fly1,23849
fly8,fly1,23857
fly9,fly5,23858
fly5,fly1,23859
fly9,fly11,23865
fly1,fly5,23869
fly12,fly4,23877
fly12,fly6,23881
fly11,fly8,23889
fly4,fly12,23891
fly8,fly6,23891
fly11,fly9,23894
fly1,fly11,23901
fly9,fly6,23902
fly11,fly12,23904
fly12,fly11,23904
fly6,fly1,23905
fly9,fly1,23905
fly1,fly6,23906
fly8,fly12,23910
fly11,fly4,23911
fly4,fly11,23912
fly1,fly12,23912
fly12,fly1,23921
fly6,fly1,23924
fly1,fly8,23925
fly12,fly6,23928
fly11,fly4,23930
fly12,fly8,23930
fly3,fly9,23937
fly6,fly4,23945
fly7,fly3,23948
fly12,fly4,23949
fly11,fly8,23950
fly3,fly9,23976
fly3,fly1,23980
fly1,fly9,23994
fly7,fly4,23994
fly4,fly3,23996
fly5,fly8,24005
fly3,fly9,24018
fly3,fly6,24020
fly7,fly1,24020
fly1,fly4,24027
fly9,fly3,24036
fly6,fly11,24041
fly4,fly1,24050
fly3,fly11,24055
fly11,fly6,24061
fly11,fly3,24069
fly1,fly12,24071
fly1,fly9,24072
fly3,fly9,24072
fly3,fly7,24072
fly1,fly3,24078
fly6,fly11,24079
fly5,fly8,24089
fly3,fly1,24091
fly11,fly1,24100
fly12,fly4,24103
fly1,fly11,24103
fly6,fly7,24106
fly9,fly3,24107
fly9,fly1,24112
fly12,fly4,24121
fly3,fly11,24132
fly11,fly3,24133
fly4,fly12,24140
fly2,fly7,24143
fly11,fly1,24144
fly9,fly1,24162
fly4,fly1,24174
fly1,fly9,24182
fly9,fly4,24188
fly4,fly9,24189
fly3,fly11,24190
fly5,fly8,24198
fly9,fly1,24198
fly5,fly8,24240
fly12,fly1,24263
fly1,fly12,24271
fly9,fly12,24288
fly12,fly10,24290
fly9,fly1,24307
fly11,fly3,24324
fly6,fly5,24325
fly4,fly5,24344
fly5,fly4,24352
fly10,fly12,24359
fly12,fly5,24363
fly11,fly3,24363
fly12,fly4,24367
fly11,fly5,24383
fly2,fly6,24384
fly3,fly4,24384
fly4,fly3,24384
fly6,fly10,24389
fly4,fly12,24409
fly4,fly11,24435
fly12,fly6,24468
fly10,fly8,24472
fly8,fly10,24472
fly5,fly2,24498
fly12,fly6,24498
fly2,fly5,24506
fly5,fly9,24509
fly9,fly5,24534
fly6,fly10,24557
fly10,fly6,24558
fly2,fly9,24566
fly8,fly12,24590
fly12,fly6,24631
fly4,fly10,24647
fly9,fly3,24661
fly1,fly2,24670
fly3,fly9,24671
fly2,fly1,24674
fly4,fly11,24710
fly10,fly4,24719
fly1,fly7,24724
fly4,fly10,24726
fly11,fly4,24735
fly9,fly4,24749
fly4,fly9,24750
fly11,fly9,24754
fly9,fly11,24755
fly2,fly5,24764
fly7,fly1,24766
fly11,fly7,24839
fly7,fly11,24840
fly3,fly6,24843
fly12,fly6,24847
fly3,fly12,24851
fly1,fly5,24859
fly11,fly9,24884
fly9,fly7,24911
fly7,fly9,24911
fly4,fly11,24935
fly5,fly9,24948
fly2,fly12,24966
fly5,fly7,24973
fly9,fly5,24975
fly9,fly7,24982
fly7,fly9,24986
fly3,fly11,25028
fly4,fly3,25050
fly3,fly4,25058
fly7,fly1,25075
fly1,fly7,25075
fly4,fly11,25076
fly3,fly5,25076
fly9,fly10,25095
fly10,fly3,25101
fly3,fly10,25102
fly2,fly6,25112
fly9,fly1,25113
fly1,fly3,25116
fly9,fly3,25119
fly3,fly9,25120
fly9,fly1,25131
fly3,fly1,25132
fly10,fly1,25149
fly3,fly7,25159
fly10,fly9,25159
fly2,fly5,25172
fly7,fly3,25175
fly3,fly7,25181
fly5,fly6,25194
fly4,fly1,25194
fly6,fly5,25194
fly10,fly9,25196
fly7,fly3,25196
fly10,fly4,25207
fly10,fly9,25226
fly2,fly5,25235
fly5,fly1,25235
fly6,fly10,25241
fly4,fly11,25243
fly10,fly6,25243
fly5,fly10,25244
fly6,fly9,25246
fly2,fly1,25251
fly5,fly1,25258
fly5,fly2,25263
fly1,fly10,25264
fly10,fly1,25267
fly9,fly6,25269
fly2,fly1,25274
fly9,fly10,25289
fly10,fly9,25311
fly1,fly5,25315
fly10,fly2,25318
fly2,fly10,25320
fly2,fly9,25330
fly9,fly2,25331
fly9,fly10,25338
fly12,fly11,25345
fly11,fly12,25345
fly6,fly8,25348
fly1,fly5,25349
fly5,fly10,25361
fly4,fly12,25410
fly8,fly3,25410
fly8,fly3,25451
fly2,fly1,25457
fly4,fly11,25473
fly1,fly2,25506
fly11,fly1,25528
fly1,fly12,25545
fly12,fly2,25551
fly11,fly12,25575
fly7,fly9,25584
fly2,fly11,25590
fly9,fly7,25596
fly1,fly12,25625
fly11,fly9,25634
fly7,fly11,25647
fly8,fly9,25666
fly7,fly11,25720
fly7,fly3,25781
fly9,fly4,25786
fly1,fly4,25805
fly3,fly6,25820
fly6,fly3,25820
fly2,fly10,25826
fly10,fly2,25827
fly11,fly7,25835
fly8,fly10,25842
fly9,fly4,25855
fly4,fly9,25855
fly11,fly8,25876
fly8,fly11,25887
fly9,fly4,25888
fly2,fly3,25896
fly12,fly5,25918
fly3,fly2,25925
fly6,fly3,25927
fly7,fly8,25929
fly8,fly2,25930
fly11,fly7,25939
fly8,fly7,25943
fly11,fly2,25962
fly3,fly5,25971
fly10,fly9,25973
fly11,fly8,25976
fly5,fly3,25978
fly4,fly10,25982
fly8,fly2,25986
fly7,fly11,25991
fly9,fly4,26001
fly4,fly9,26002
fly6,fly8,26006
fly11,fly2,26014
fly8,fly11,26038
fly10,fly12,26056
fly10,fly5,26098
fly3,fly9,26099
fly12,fly10,26107
fly9,fly1,26155
fly10,fly4,26161
fly10,fly1,26180
fly3,fly10,26204
fly5,fly4,26212
fly1,fly4,26215
fly1,fly4,26245
fly2,fly1,26256
fly2,fly4,26269
fly10,fly5,26279
fly4,fly2,26281
fly11,fly2,26291
fly2,fly11,26295
fly11,fly1,26318
fly5,fly10,26320
fly1,fly2,26334
fly11,fly4,26342
fly4,fly11,26343
fly8,fly9,26344
fly9,fly8,26346
fly10,fly5,26363
fly8,fly9,26368
fly4,fly2,26386
fly6,fly7,26392
fly8,fly9,26407
fly12,fly4,26418
fly9,fly8,26430
fly11,fly9,26436
fly7,fly6,26437
fly9,fly11,26448
fly12,fly2,26451
fly2,fly12,26459
fly3,fly11,26463
fly6,fly5,26467
fly9,fly10,26467
fly8,fly11,26480
fly10,fly12,26486
fly10,fly9,26496
fly9,fly12,26497
fly6,fly5,26497
fly10,fly12,26504
fly9,fly2,26504
fly10,fly2,26507
fly2,fly9,26514
fly6,fly5,26516
fly8,fly10,26525
fly4,fly12,26527
fly4,fly2,26528
fly2,fly4,26529
fly8,fly9,26529
fly10,fly9,26535
fly12,fly9,26545
fly10,fly4,26548
fly4,fly10,26548
fly10,fly12,26551
fly7,fly3,26568
fly12,fly10,26570
fly8,fly12,26570
fly2,fly8,26571
fly2,fly4,26578
fly12,fly1,26587
fly4,fly8,26594
fly8,fly4,26597
fly9,fly1,26598
fly10,fly9,26601
fly8,fly2,26601
fly2,fly8,26604
fly8,fly1,26619
fly1,fly2,26627
fly2,fly8,26632
fly9,fly2,26638
fly3,fly6,26645
fly7,fly6,26665
fly9,fly1,26671
fly12,fly1,26676
fly9,fly12,26684
fly12,fly9,26684
fly6,fly3,26688
fly8,fly10,26699
fly10,fly8,26710
fly9,fly1,26716
fly10,fly7,26724
fly7,fly10,26729
fly8,fly7,26735
fly7,fly8,26741
fly11,fly10,26743
fly9,fly8,26757
fly7,fly1,26760
fly8,fly9,26777
fly12,fly2,26786
fly11,fly6,26802
fly2,fly12,26804
fly7,fly8,26839
fly11,fly6,26842
fly12,fly7,26850
fly7,fly12,26850
fly7,fly8,26876
fly7,fly8,26903
fly9,fly11,26923
fly11,fly9,26928
fly4,fly1,26928
fly12,fly8,26939
fly8,fly12,26940
fly9,fly6,26960
fly1,fly5,26984
fly5,fly1,26989
fly8,fly12,26993
fly8,fly9,27052
fly9,fly8,27052
fly12,fly9,27067
fly6,fly12,27088
fly12,fly9,27131
fly9,fly12,27132
fly11,fly7,27138
fly9,fly10,27146
fly6,fly10,27148
fly7,fly11,27157
fly6,fly9,27159
fly9,fly6,27174
fly11,fly8,27179
fly3,fly4,27183
fly7,fly3,27184
fly3,fly7,27212
fly3,fly4,27212
fly11,fly3,27225
fly7,fly4,27231
fly3,fly8,27231
fly3,fly7,27234
fly7,fly8,27241
fly3,fly8,27247
fly8,fly3,27249
fly12,fly10,27272
fly12,fly11,27298
fly10,fly12,27304
fly8,fly4,27304
fly4,fly7,27314
fly3,fly10,27320
fly4,fly3,27328
fly8,fly7,27332
fly4,fly8,27376
fly4,fly3,27405
fly11,fly3,27406
fly11,fly6,27436
fly6,fly11,27437
fly4,fly3,27447
fly6,fly3,27451
fly3,fly6,27452
fly6,fly4,27457
fly4,fly6,27457
fly4,fly11,27485
fly11,fly4,27488
fly11,fly6,27501
fly4,fly3,27512
fly11,fly6,27534
fly4,fly3,27553
fly5,fly12,27553
fly6,fly11,27558
fly6,fly5,27581
fly12,fly11,27592
fly2,fly7,27628
fly11,fly12,27631
fly12,fly1,27632
fly12,fly11,27642
fly7,fly9,27645
fly7,fly9,27679
fly10,fly9,27696
fly10,fly7,27701
fly1,fly6,27702
fly9,fly12,27703
fly9,fly7,27725
fly7,fly10,27762
fly10,fly3,27762
fly9,fly8,27789
fly8,fly10,27813
fly2,fly11,27845
fly9,fly7,27852
fly6,fly3,27853
fly7,fly6,27866
fly4,fly1,27886
fly10,fly8,27899
fly3,fly9,27903
fly7,fly6,27918
fly2,fly1,27924
fly6,fly7,27926
fly9,fly6,27936
fly9,fly7,27943
fly6,fly9,27947
fly3,fly8,27951
fly7,fly9,27958
fly10,fly3,27964
fly3,fly10,27966
fly10,fly8,27966
fly12,fly5,27969
fly8,fly3,28003
fly11,fly2,28009
fly3,fly6,28011
fly8,fly6,28014
fly4,fly1,28034
fly5,fly4,28035
fly4,fly5,28038
fly8,fly6,28038
fly3,fly8,28042
fly4,fly7,28116
fly9,fly8,28142
fly6,fly9,28149
fly12,fly5,28217
fly5,fly12,28218
fly8,fly9,28240
fly9,fly2,28250
fly7,fly11,28252
fly11,fly7,28252
fly2,fly9,28253
fly10,fly11,28259
fly11,fly4,28270
fly10,fly11,28281
fly4,fly11,28285
fly3,fly9,28301
fly5,fly6,28321
fly10,fly9,28374
fly9,fly10,28374
fly12,fly10,28394
fly10,fly12,28406
fly3,fly8,28415
fly5,fly6,28435
fly9,fly1,28450
fly11,fly9,28457
fly7,fly12,28458
fly2,fly6,28476
fly2,fly6,28497
fly6,fly2,28513
fly11,fly2,28526
fly11,fly6,28536
fly2,fly6,28543
fly9,fly5,28544
fly5,fly9,28574
fly3,fly11,28590
fly4,fly2,28599
fly9,fly6,28608
fly6,fly9,28622
fly4,fly12,28625
fly12,fly4,28637
fly11,fly12,28650
fly12,fly11,28659
fly8,fly3,28660
fly11,fly4,28676
fly2,fly11,28714
fly3,fly8,28715
fly12,fly8,28722
fly10,fly7,28732
fly7,fly10,28737
fly8,fly4,28746
fly2,fly7,28748
fly4,fly8,28750
fly3,fly11,28768
fly11,fly3,28769
fly6,fly10,28781
fly10,fly6,28781
